./data/frame0.jpg,0
./data/frame1.jpg,0
./data/frame2.jpg,0
./data/frame3.jpg,0
./data/frame4.jpg,0
./data/frame5.jpg,0
./data/frame6.jpg,0
./data/frame7.jpg,0
./data/frame8.jpg,0
./data/frame9.jpg,0
./data/frame10.jpg,0
./data/frame11.jpg,0
./data/frame12.jpg,0
./data/frame13.jpg,0
./data/frame14.jpg,0
./data/frame15.jpg,0
./data/frame16.jpg,0
./data/frame17.jpg,0
./data/frame18.jpg,0
./data/frame19.jpg,0
./data/frame20.jpg,0
./data/frame21.jpg,0
./data/frame22.jpg,0
./data/frame23.jpg,0
./data/frame24.jpg,0
./data/frame25.jpg,0
./data/frame26.jpg,0
./data/frame27.jpg,0
./data/frame28.jpg,0
./data/frame29.jpg,0
./data/frame30.jpg,0
./data/frame31.jpg,0
./data/frame32.jpg,0
./data/frame33.jpg,0
./data/frame34.jpg,0
./data/frame35.jpg,0
./data/frame36.jpg,0
./data/frame37.jpg,0
./data/frame38.jpg,0
./data/frame39.jpg,0
./data/frame40.jpg,0
./data/frame41.jpg,0
./data/frame42.jpg,0
./data/frame43.jpg,0
./data/frame44.jpg,0
./data/frame45.jpg,0
./data/frame47.jpg,-0.25
./data/frame48.jpg,-0.25
./data/frame49.jpg,0.0
./data/frame50.jpg,0.0
./data/frame51.jpg,0.0
./data/frame52.jpg,-0.5
./data/frame53.jpg,-0.5
./data/frame54.jpg,-0.5
./data/frame55.jpg,-0.75
./data/frame56.jpg,-0.75
./data/frame57.jpg,-0.75
./data/frame58.jpg,-0.75
./data/frame59.jpg,-0.75
./data/frame60.jpg,-0.75
./data/frame61.jpg,-1
./data/frame62.jpg,-0.5
./data/frame63.jpg,-0.5
./data/frame64.jpg,-0.5
./data/frame65.jpg,-0.5
./data/frame66.jpg,-0.5
./data/frame67.jpg,-0.75
./data/frame68.jpg,-1
./data/frame69.jpg,-1
./data/frame70.jpg,-1
./data/frame71.jpg,-1
./data/frame72.jpg,-1
./data/frame73.jpg,-0.25
./data/frame74.jpg,-0.25
./data/frame75.jpg,-0.75
./data/frame76.jpg,-0.25
./data/frame77.jpg,-0.25
./data/frame78.jpg,-0.25
./data/frame79.jpg,-0.75
./data/frame80.jpg,-1
./data/frame81.jpg,-1
./data/frame82.jpg,-1
./data/frame83.jpg,-1
./data/frame84.jpg,-0.75
./data/frame85.jpg,-0.75
./data/frame86.jpg,-0.75
./data/frame87.jpg,-1
./data/frame88.jpg,-1
./data/frame89.jpg,-1
./data/frame90.jpg,-0.5
./data/frame91.jpg,-0.75
./data/frame92.jpg,-0.5
./data/frame93.jpg,-1
./data/frame94.jpg,-0.75
./data/frame95.jpg,-0.75
./data/frame96.jpg,-0.25
./data/frame97.jpg,0.0
./data/frame98.jpg,-0.5
./data/frame99.jpg,-0.5
./data/frame100.jpg,-1
./data/frame101.jpg,-1
./data/frame102.jpg,-0.5
./data/frame103.jpg,-0.75
./data/frame104.jpg,-1
./data/frame105.jpg,-1
./data/frame106.jpg,-1
./data/frame107.jpg,-1
./data/frame108.jpg,-0.5
./data/frame109.jpg,-1
./data/frame110.jpg,-0.5
./data/frame111.jpg,-0.5
./data/frame112.jpg,-0.5
./data/frame113.jpg,-0.75
./data/frame114.jpg,-0.5
./data/frame115.jpg,0.25
./data/frame116.jpg,0.25
./data/frame117.jpg,0.25
./data/frame118.jpg,0.0
./data/frame119.jpg,0.5
./data/frame120.jpg,-0.25
./data/frame121.jpg,0.25
./data/frame122.jpg,0.25
./data/frame123.jpg,0.5
./data/frame124.jpg,0.5
./data/frame125.jpg,0.75
./data/frame126.jpg,0.5
./data/frame127.jpg,0.5
./data/frame128.jpg,0.5
./data/frame129.jpg,0.5
./data/frame130.jpg,0.5
./data/frame131.jpg,0.5
./data/frame132.jpg,0.5
./data/frame133.jpg,0.5
./data/frame134.jpg,0.5
./data/frame135.jpg,0.5
./data/frame136.jpg,0.5
./data/frame137.jpg,0.5
./data/frame138.jpg,0.5
./data/frame139.jpg,0.5
./data/frame140.jpg,0.5
./data/frame141.jpg,0.5
./data/frame142.jpg,0.5
./data/frame143.jpg,0.5
./data/frame144.jpg,0.5
./data/frame145.jpg,0.5
./data/frame146.jpg,0.5
./data/frame147.jpg,0.5
./data/frame148.jpg,0.5
./data/frame149.jpg,0.5
./data/frame150.jpg,0.5
./data/frame151.jpg,0.5
./data/frame152.jpg,0.5
./data/frame153.jpg,0.5
./data/frame154.jpg,0.5
./data/frame155.jpg,0.25
./data/frame156.jpg,0.25
./data/frame157.jpg,0.0
./data/frame158.jpg,0.0
./data/frame159.jpg,-0.25
./data/frame160.jpg,-0.25
./data/frame161.jpg,-0.5
./data/frame162.jpg,-0.5
./data/frame163.jpg,-0.75
./data/frame164.jpg,-0.75
./data/frame165.jpg,-1
./data/frame166.jpg,-1
./data/frame167.jpg,-1
./data/frame168.jpg,-1
./data/frame169.jpg,-1
./data/frame170.jpg,-1
./data/frame171.jpg,-1
./data/frame172.jpg,-1
./data/frame173.jpg,-1
./data/frame174.jpg,-1
./data/frame175.jpg,-1
./data/frame176.jpg,-1
./data/frame177.jpg,-1
./data/frame178.jpg,-1
./data/frame179.jpg,-1
./data/frame180.jpg,-1
./data/frame181.jpg,-1
./data/frame182.jpg,-1
./data/frame183.jpg,-1
./data/frame184.jpg,-1
./data/frame185.jpg,-1
./data/frame186.jpg,-1
./data/frame187.jpg,-1
./data/frame188.jpg,-1
./data/frame189.jpg,-1
./data/frame190.jpg,-1
./data/frame191.jpg,-1
./data/frame192.jpg,-1
./data/frame193.jpg,-1
./data/frame194.jpg,-1
./data/frame195.jpg,-1
./data/frame196.jpg,-1
./data/frame198.jpg,-1
./data/frame199.jpg,-1
./data/frame200.jpg,-1
./data/frame201.jpg,-1
./data/frame202.jpg,-1
./data/frame203.jpg,-1
./data/frame204.jpg,-1
./data/frame205.jpg,-0.25
./data/frame206.jpg,-0.75
./data/frame207.jpg,0.0
./data/frame208.jpg,-0.5
./data/frame209.jpg,-1
./data/frame210.jpg,0.0
./data/frame211.jpg,-0.5
./data/frame212.jpg,-1
./data/frame213.jpg,-0.75
./data/frame214.jpg,-1
./data/frame215.jpg,-0.5
./data/frame216.jpg,-0.5
./data/frame217.jpg,0.0
./data/frame218.jpg,-0.75
./data/frame219.jpg,0.5
./data/frame220.jpg,0.5
./data/frame221.jpg,0.5
./data/frame222.jpg,1
./data/frame223.jpg,1
./data/frame224.jpg,1
./data/frame225.jpg,0.5
./data/frame226.jpg,1
./data/frame227.jpg,1
./data/frame228.jpg,0.5
./data/frame229.jpg,0.5
./data/frame230.jpg,1
./data/frame231.jpg,0.75
./data/frame232.jpg,1
./data/frame233.jpg,0.75
./data/frame234.jpg,-0.75
./data/frame235.jpg,-0.75
./data/frame236.jpg,-0.75
./data/frame237.jpg,-0.75
./data/frame238.jpg,-0.75
./data/frame239.jpg,-0.75
./data/frame240.jpg,-0.75
./data/frame241.jpg,-0.75
./data/frame242.jpg,-0.75
./data/frame243.jpg,-0.75
./data/frame244.jpg,-0.75
./data/frame245.jpg,-0.75
./data/frame246.jpg,-0.75
./data/frame247.jpg,-0.75
./data/frame248.jpg,-0.75
./data/frame249.jpg,-0.75
./data/frame250.jpg,-0.75
./data/frame251.jpg,-0.75
./data/frame252.jpg,-0.75
./data/frame253.jpg,-0.75
./data/frame254.jpg,-0.75
./data/frame255.jpg,-0.75
./data/frame256.jpg,-0.75
./data/frame257.jpg,-0.75
./data/frame258.jpg,-0.75
./data/frame259.jpg,-0.75
./data/frame260.jpg,-0.75
./data/frame261.jpg,-0.75
./data/frame262.jpg,-0.75
./data/frame263.jpg,-1
./data/frame264.jpg,-1
./data/frame265.jpg,-1
./data/frame266.jpg,-1
./data/frame267.jpg,-1
./data/frame268.jpg,-1
./data/frame269.jpg,-1
./data/frame270.jpg,-1
./data/frame271.jpg,-1
./data/frame272.jpg,-1
./data/frame273.jpg,-1
./data/frame274.jpg,-1
./data/frame275.jpg,-1
./data/frame276.jpg,-1
./data/frame277.jpg,-1
./data/frame278.jpg,-1
./data/frame279.jpg,-1
./data/frame280.jpg,-1
./data/frame281.jpg,-1
./data/frame282.jpg,-1
./data/frame283.jpg,-1
./data/frame284.jpg,-1
./data/frame285.jpg,-1
./data/frame286.jpg,-1
./data/frame287.jpg,-1
./data/frame288.jpg,-1
./data/frame289.jpg,-1
./data/frame290.jpg,-1
./data/frame291.jpg,-1
./data/frame292.jpg,-1
./data/frame293.jpg,-1
./data/frame294.jpg,-1
./data/frame295.jpg,-1
./data/frame296.jpg,-1
./data/frame297.jpg,-1
./data/frame298.jpg,-1
./data/frame299.jpg,-1
./data/frame300.jpg,-1
./data/frame301.jpg,-1
./data/frame302.jpg,-1
./data/frame303.jpg,-1
./data/frame304.jpg,-1
./data/frame305.jpg,-1
./data/frame306.jpg,-1
./data/frame307.jpg,-1
./data/frame308.jpg,-1
./data/frame309.jpg,-1
./data/frame310.jpg,-1
./data/frame311.jpg,-1
./data/frame312.jpg,-1
./data/frame313.jpg,-1
./data/frame314.jpg,-1
./data/frame315.jpg,-1
./data/frame316.jpg,-1
./data/frame317.jpg,-1
./data/frame318.jpg,-1
./data/frame319.jpg,-1
./data/frame320.jpg,-1
./data/frame321.jpg,-1
./data/frame322.jpg,-1
./data/frame323.jpg,-1
./data/frame324.jpg,-1
./data/frame325.jpg,-1
./data/frame326.jpg,-1
./data/frame328.jpg,-1
./data/frame329.jpg,-0.5
./data/frame330.jpg,-0.5
./data/frame331.jpg,-1
./data/frame332.jpg,-0.25
./data/frame333.jpg,-0.5
./data/frame334.jpg,-0.75
./data/frame335.jpg,0.0
./data/frame336.jpg,-0.5
./data/frame337.jpg,-0.75
./data/frame338.jpg,-0.25
./data/frame339.jpg,-0.5
./data/frame340.jpg,0.0
./data/frame341.jpg,-1
./data/frame342.jpg,-0.75
./data/frame343.jpg,-0.75
./data/frame344.jpg,-0.5
./data/frame345.jpg,-0.5
./data/frame346.jpg,-1
./data/frame347.jpg,-1
./data/frame348.jpg,-1
./data/frame349.jpg,-0.75
./data/frame350.jpg,-0.5
./data/frame351.jpg,-1
./data/frame352.jpg,-1
./data/frame353.jpg,-1
./data/frame354.jpg,-1
./data/frame355.jpg,-1
./data/frame356.jpg,-1
./data/frame357.jpg,-1
./data/frame358.jpg,-1
./data/frame359.jpg,-1
./data/frame360.jpg,0.25
./data/frame361.jpg,-0.5
./data/frame362.jpg,-0.5
./data/frame363.jpg,-1
./data/frame364.jpg,-0.5
./data/frame365.jpg,-0.5
./data/frame366.jpg,-0.5
./data/frame367.jpg,-0.5
./data/frame368.jpg,-0.5
./data/frame369.jpg,-1
./data/frame370.jpg,-0.5
./data/frame371.jpg,-0.5
./data/frame372.jpg,0.0
./data/frame373.jpg,-0.25
./data/frame374.jpg,0.25
./data/frame375.jpg,0.0
./data/frame376.jpg,0.0
./data/frame377.jpg,0.0
./data/frame378.jpg,-0.75
./data/frame379.jpg,-0.75
./data/frame380.jpg,-0.25
./data/frame381.jpg,-0.75
./data/frame382.jpg,-1
./data/frame383.jpg,-1
./data/frame384.jpg,-1
./data/frame385.jpg,-0.75
./data/frame386.jpg,-0.5
./data/frame387.jpg,-0.5
./data/frame388.jpg,-0.5
./data/frame389.jpg,-0.5
./data/frame390.jpg,-0.5
./data/frame391.jpg,-0.25
./data/frame392.jpg,-0.5
./data/frame393.jpg,-0.25
./data/frame394.jpg,-0.75
./data/frame395.jpg,-0.5
./data/frame396.jpg,-1
./data/frame397.jpg,-0.75
./data/frame398.jpg,-0.75
./data/frame399.jpg,-0.75
./data/frame400.jpg,-0.75
./data/frame401.jpg,-1
./data/frame402.jpg,-1
./data/frame403.jpg,-1
./data/frame404.jpg,-0.75
./data/frame405.jpg,-0.5
./data/frame406.jpg,-0.5
./data/frame407.jpg,-0.5
./data/frame408.jpg,-0.75
./data/frame409.jpg,-0.75
./data/frame410.jpg,-0.75
./data/frame411.jpg,-0.75
./data/frame412.jpg,-0.75
./data/frame413.jpg,-0.75
./data/frame414.jpg,-1
./data/frame415.jpg,-1
./data/frame416.jpg,-0.75
./data/frame417.jpg,-1
./data/frame418.jpg,-1
./data/frame419.jpg,-0.75
./data/frame420.jpg,-0.75
./data/frame421.jpg,-0.25
./data/frame422.jpg,-0.25
./data/frame423.jpg,-0.25
./data/frame424.jpg,0.25
./data/frame425.jpg,0.0
./data/frame426.jpg,0.0
./data/frame427.jpg,-0.25
./data/frame428.jpg,0.5
./data/frame429.jpg,0.5
./data/frame430.jpg,1
./data/frame431.jpg,1
./data/frame432.jpg,1
./data/frame433.jpg,0.5
./data/frame434.jpg,0.75
./data/frame435.jpg,1
./data/frame436.jpg,0.75
./data/frame437.jpg,0.75
./data/frame438.jpg,0.5
./data/frame439.jpg,0.75
./data/frame440.jpg,0.25
./data/frame441.jpg,0.5
./data/frame442.jpg,0.25
./data/frame443.jpg,0.25
./data/frame444.jpg,0.25
./data/frame445.jpg,0.25
./data/frame446.jpg,-0.25
./data/frame447.jpg,-0.25
./data/frame448.jpg,-0.5
./data/frame449.jpg,-1
./data/frame450.jpg,-0.75
./data/frame451.jpg,-1
./data/frame452.jpg,-1
./data/frame453.jpg,-0.5
./data/frame454.jpg,-1
./data/frame455.jpg,-1
./data/frame456.jpg,-1
./data/frame457.jpg,-1
./data/frame458.jpg,-1
./data/frame459.jpg,-0.5
./data/frame460.jpg,-0.5
./data/frame461.jpg,-0.5
./data/frame462.jpg,-0.25
./data/frame463.jpg,0.0
./data/frame464.jpg,-1
./data/frame465.jpg,0.25
./data/frame466.jpg,-0.5
./data/frame467.jpg,0.0
./data/frame468.jpg,-0.25
./data/frame469.jpg,-1
./data/frame470.jpg,-1
./data/frame471.jpg,-0.75
./data/frame472.jpg,0.5
./data/frame473.jpg,0.25
./data/frame474.jpg,0.5
./data/frame475.jpg,0.0
./data/frame476.jpg,0.0
./data/frame477.jpg,1
./data/frame478.jpg,0.75
./data/frame479.jpg,1
./data/frame480.jpg,0.75
./data/frame481.jpg,1
./data/frame482.jpg,1
./data/frame483.jpg,0.5
./data/frame484.jpg,1
./data/frame485.jpg,0.0
./data/frame486.jpg,0.0
./data/frame487.jpg,0.0
./data/frame488.jpg,0.0
./data/frame489.jpg,0.0
./data/frame490.jpg,0.0
./data/frame491.jpg,0.0
./data/frame492.jpg,0.0
./data/frame493.jpg,0.0
./data/frame494.jpg,0.0
./data/frame495.jpg,0.0
./data/frame496.jpg,0.0
./data/frame497.jpg,0.0
./data/frame498.jpg,0.0
./data/frame499.jpg,0.0
./data/frame500.jpg,0.0
./data/frame501.jpg,0.0
./data/frame502.jpg,0.0
./data/frame503.jpg,0.0
./data/frame504.jpg,0.0
./data/frame505.jpg,0.0
./data/frame506.jpg,0.0
./data/frame507.jpg,0.0
./data/frame508.jpg,0.0
./data/frame509.jpg,0.0
./data/frame510.jpg,-0.25
./data/frame511.jpg,-0.25
./data/frame512.jpg,-0.25
./data/frame513.jpg,-0.25
./data/frame514.jpg,-0.25
./data/frame515.jpg,-0.25
./data/frame516.jpg,-0.5
./data/frame517.jpg,-0.5
./data/frame518.jpg,-0.5
./data/frame519.jpg,-0.75
./data/frame520.jpg,-0.75
./data/frame521.jpg,-0.75
./data/frame522.jpg,-0.75
./data/frame523.jpg,-0.75
./data/frame524.jpg,-0.75
./data/frame525.jpg,-0.75
./data/frame526.jpg,-0.75
./data/frame527.jpg,-0.75
./data/frame528.jpg,-0.75
./data/frame529.jpg,-0.75
./data/frame530.jpg,-0.75
./data/frame531.jpg,-0.75
./data/frame532.jpg,-0.75
./data/frame533.jpg,-0.75
./data/frame534.jpg,-0.75
./data/frame535.jpg,-0.75
./data/frame536.jpg,-0.75
./data/frame537.jpg,-0.75
./data/frame538.jpg,-0.75
./data/frame539.jpg,-0.75
./data/frame540.jpg,-0.5
./data/frame541.jpg,-0.5
./data/frame542.jpg,-0.25
./data/frame543.jpg,-0.25
./data/frame544.jpg,0.0
./data/frame545.jpg,0.0
./data/frame546.jpg,0.25
./data/frame547.jpg,0.25
./data/frame548.jpg,0.25
./data/frame549.jpg,0.5
./data/frame550.jpg,0.5
./data/frame551.jpg,0.5
./data/frame552.jpg,0.75
./data/frame553.jpg,0.75
./data/frame554.jpg,1
./data/frame555.jpg,1
./data/frame556.jpg,1
./data/frame557.jpg,1
./data/frame558.jpg,1
./data/frame559.jpg,1
./data/frame560.jpg,1
./data/frame561.jpg,1
./data/frame562.jpg,1
./data/frame563.jpg,1
./data/frame564.jpg,1
./data/frame565.jpg,1
./data/frame566.jpg,1
./data/frame567.jpg,1
./data/frame568.jpg,1
./data/frame569.jpg,1
./data/frame570.jpg,1
./data/frame571.jpg,1
./data/frame572.jpg,1
./data/frame573.jpg,1
./data/frame574.jpg,1
./data/frame575.jpg,1
./data/frame576.jpg,1
./data/frame577.jpg,1
./data/frame578.jpg,1
./data/frame579.jpg,1
./data/frame580.jpg,1
./data/frame581.jpg,1
./data/frame582.jpg,1
./data/frame583.jpg,1
./data/frame584.jpg,1
./data/frame585.jpg,1
./data/frame586.jpg,1
./data/frame587.jpg,1
./data/frame588.jpg,1
./data/frame589.jpg,1
./data/frame590.jpg,1
./data/frame591.jpg,1
./data/frame592.jpg,1
./data/frame593.jpg,1
./data/frame594.jpg,1
./data/frame595.jpg,1
./data/frame596.jpg,1
./data/frame597.jpg,1
./data/frame598.jpg,1
./data/frame599.jpg,1
./data/frame600.jpg,1
./data/frame601.jpg,1
./data/frame602.jpg,1
./data/frame603.jpg,1
./data/frame604.jpg,1
./data/frame605.jpg,1
./data/frame606.jpg,1
./data/frame607.jpg,1
./data/frame608.jpg,1
./data/frame609.jpg,1
./data/frame610.jpg,1
./data/frame611.jpg,1
./data/frame612.jpg,1
./data/frame613.jpg,1
./data/frame614.jpg,1
./data/frame615.jpg,1
./data/frame616.jpg,1
./data/frame617.jpg,1
./data/frame618.jpg,1
./data/frame619.jpg,1
./data/frame620.jpg,1
./data/frame622.jpg,1
./data/frame623.jpg,1
./data/frame624.jpg,1
./data/frame625.jpg,1
./data/frame626.jpg,1
./data/frame627.jpg,1
./data/frame628.jpg,1
./data/frame629.jpg,1
./data/frame630.jpg,1
./data/frame631.jpg,1
./data/frame632.jpg,0.75
./data/frame633.jpg,0.5
./data/frame634.jpg,0.5
./data/frame635.jpg,0.25
./data/frame636.jpg,0.25
./data/frame637.jpg,1
./data/frame638.jpg,1
./data/frame639.jpg,0.75
./data/frame640.jpg,1
./data/frame641.jpg,1
./data/frame642.jpg,1
./data/frame643.jpg,0.5
./data/frame644.jpg,1
./data/frame645.jpg,1
./data/frame646.jpg,1
./data/frame647.jpg,0.25
./data/frame648.jpg,0.25
./data/frame649.jpg,-1
./data/frame650.jpg,-0.5
./data/frame651.jpg,-0.75
./data/frame652.jpg,-0.75
./data/frame653.jpg,-1
./data/frame654.jpg,-1
./data/frame655.jpg,-0.75
./data/frame656.jpg,-0.75
./data/frame657.jpg,-0.5
./data/frame658.jpg,-0.5
./data/frame659.jpg,-0.25
./data/frame660.jpg,-0.5
./data/frame661.jpg,-0.5
./data/frame662.jpg,-0.25
./data/frame663.jpg,-0.5
./data/frame664.jpg,-0.5
./data/frame665.jpg,-0.5
./data/frame666.jpg,-0.25
./data/frame667.jpg,0.25
./data/frame668.jpg,0.0
./data/frame669.jpg,0.0
./data/frame670.jpg,-0.25
./data/frame671.jpg,0.0
./data/frame672.jpg,-0.25
./data/frame673.jpg,0.0
./data/frame674.jpg,0.0
./data/frame675.jpg,0.0
./data/frame676.jpg,0.5
./data/frame677.jpg,0.0
./data/frame678.jpg,0.0
./data/frame679.jpg,0.5
./data/frame680.jpg,0.25
./data/frame681.jpg,0.25
./data/frame682.jpg,1
./data/frame683.jpg,1
./data/frame684.jpg,0.75
./data/frame685.jpg,0.25
./data/frame686.jpg,0.75
./data/frame687.jpg,1
./data/frame688.jpg,0.0
./data/frame689.jpg,0.5
./data/frame690.jpg,0.5
./data/frame691.jpg,0.5
./data/frame692.jpg,0.5
./data/frame693.jpg,0.5
./data/frame694.jpg,0.5
./data/frame695.jpg,0.75
./data/frame696.jpg,0.75
./data/frame697.jpg,0.75
./data/frame698.jpg,1
./data/frame699.jpg,1
./data/frame700.jpg,0.5
./data/frame701.jpg,1
./data/frame702.jpg,-0.75
./data/frame703.jpg,0.25
./data/frame704.jpg,0.0
./data/frame705.jpg,-0.25
./data/frame706.jpg,-0.25
./data/frame707.jpg,-0.5
./data/frame708.jpg,0.75
./data/frame709.jpg,1
./data/frame710.jpg,1
./data/frame711.jpg,0.0
./data/frame712.jpg,0.75
./data/frame713.jpg,1
./data/frame714.jpg,1
./data/frame715.jpg,1
./data/frame716.jpg,0.0
./data/frame717.jpg,0.5
./data/frame718.jpg,0.5
./data/frame719.jpg,-0.5
./data/frame720.jpg,1
./data/frame721.jpg,-1
./data/frame722.jpg,-0.75
./data/frame723.jpg,0.25
./data/frame724.jpg,-0.25
./data/frame725.jpg,0.75
./data/frame726.jpg,0.25
./data/frame727.jpg,0.25
./data/frame728.jpg,0.25
./data/frame729.jpg,0.25
./data/frame730.jpg,0.25
./data/frame731.jpg,0.25
./data/frame732.jpg,0.25
./data/frame733.jpg,0.25
./data/frame734.jpg,0.25
./data/frame735.jpg,0.25
./data/frame736.jpg,0.25
./data/frame737.jpg,0.25
./data/frame738.jpg,0.25
./data/frame739.jpg,0.25
./data/frame740.jpg,0.25
./data/frame741.jpg,0.25
./data/frame742.jpg,0.25
./data/frame743.jpg,0.25
./data/frame744.jpg,0.25
./data/frame745.jpg,0.25
./data/frame746.jpg,0.25
./data/frame747.jpg,0.25
./data/frame748.jpg,0.25
./data/frame749.jpg,0.25
./data/frame750.jpg,0.25
./data/frame751.jpg,0.25
./data/frame752.jpg,0.25
./data/frame753.jpg,0.25
./data/frame754.jpg,0.25
./data/frame755.jpg,0.25
./data/frame756.jpg,0.25
./data/frame757.jpg,0.25
./data/frame758.jpg,0.25
./data/frame759.jpg,0.25
./data/frame760.jpg,0.25
./data/frame761.jpg,0.25
./data/frame762.jpg,0.25
./data/frame763.jpg,0.25
./data/frame764.jpg,0.25
./data/frame765.jpg,0.25
./data/frame766.jpg,0.25
./data/frame767.jpg,0.25
./data/frame768.jpg,0.25
./data/frame769.jpg,0.25
./data/frame770.jpg,0.25
./data/frame771.jpg,0.25
./data/frame772.jpg,0.25
./data/frame773.jpg,0.25
./data/frame774.jpg,0.25
./data/frame775.jpg,0.25
./data/frame776.jpg,0.5
./data/frame777.jpg,0.5
./data/frame778.jpg,0.5
./data/frame779.jpg,0.75
./data/frame780.jpg,1
./data/frame781.jpg,1
./data/frame782.jpg,1
./data/frame783.jpg,1
./data/frame784.jpg,1
./data/frame785.jpg,1
./data/frame786.jpg,1
./data/frame787.jpg,1
./data/frame788.jpg,1
./data/frame789.jpg,1
./data/frame790.jpg,1
./data/frame791.jpg,1
./data/frame792.jpg,1
./data/frame793.jpg,1
./data/frame794.jpg,1
./data/frame795.jpg,1
./data/frame796.jpg,1
./data/frame797.jpg,1
./data/frame798.jpg,1
./data/frame799.jpg,1
./data/frame800.jpg,1
./data/frame801.jpg,1
./data/frame802.jpg,1
./data/frame803.jpg,1
./data/frame804.jpg,1
./data/frame805.jpg,1
./data/frame806.jpg,1
./data/frame807.jpg,1
./data/frame808.jpg,1
./data/frame809.jpg,1
./data/frame810.jpg,1
./data/frame811.jpg,1
./data/frame812.jpg,1
./data/frame813.jpg,1
./data/frame814.jpg,1
./data/frame815.jpg,1
./data/frame816.jpg,1
./data/frame817.jpg,1
./data/frame818.jpg,1
./data/frame819.jpg,1
./data/frame820.jpg,1
./data/frame821.jpg,1
./data/frame822.jpg,1
./data/frame823.jpg,1
./data/frame824.jpg,1
./data/frame825.jpg,1
./data/frame826.jpg,1
./data/frame827.jpg,1
./data/frame828.jpg,1
./data/frame829.jpg,1
./data/frame830.jpg,1
./data/frame831.jpg,1
./data/frame832.jpg,1
./data/frame833.jpg,1
./data/frame834.jpg,1
./data/frame835.jpg,1
./data/frame836.jpg,1
./data/frame837.jpg,1
./data/frame838.jpg,1
./data/frame839.jpg,1
./data/frame840.jpg,1
./data/frame841.jpg,1
./data/frame842.jpg,1
./data/frame843.jpg,1
./data/frame844.jpg,1
./data/frame845.jpg,1
./data/frame846.jpg,1
./data/frame847.jpg,1
./data/frame848.jpg,1
./data/frame849.jpg,1
./data/frame850.jpg,1
./data/frame851.jpg,1
./data/frame852.jpg,1
./data/frame853.jpg,1
./data/frame854.jpg,1
./data/frame855.jpg,1
./data/frame856.jpg,1
./data/frame857.jpg,1
./data/frame858.jpg,1
./data/frame859.jpg,1
./data/frame860.jpg,1
./data/frame861.jpg,1
./data/frame862.jpg,1
./data/frame863.jpg,1
./data/frame864.jpg,1
./data/frame865.jpg,1
./data/frame866.jpg,1
./data/frame867.jpg,1
./data/frame868.jpg,1
./data/frame869.jpg,1
./data/frame870.jpg,1
./data/frame871.jpg,1
./data/frame872.jpg,1
./data/frame873.jpg,1
./data/frame874.jpg,1
./data/frame875.jpg,1
./data/frame876.jpg,1
./data/frame877.jpg,1
./data/frame878.jpg,1
./data/frame879.jpg,1
./data/frame880.jpg,1
./data/frame882.jpg,-1
./data/frame883.jpg,-1
./data/frame884.jpg,-1
./data/frame885.jpg,-0.5
./data/frame886.jpg,-0.75
./data/frame887.jpg,-0.75
./data/frame888.jpg,-0.75
./data/frame889.jpg,-1
./data/frame890.jpg,-0.75
./data/frame891.jpg,-0.75
./data/frame892.jpg,-0.75
./data/frame893.jpg,-0.75
./data/frame894.jpg,-0.5
./data/frame895.jpg,-1
./data/frame896.jpg,-0.75
./data/frame897.jpg,-0.75
./data/frame898.jpg,-1
./data/frame899.jpg,-1
./data/frame900.jpg,-0.75
./data/frame901.jpg,-0.75
./data/frame902.jpg,-0.5
./data/frame903.jpg,-0.25
./data/frame904.jpg,0.25
./data/frame905.jpg,0.25
./data/frame906.jpg,0.25
./data/frame907.jpg,0.25
./data/frame908.jpg,-0.5
./data/frame909.jpg,-0.25
./data/frame910.jpg,-0.5
./data/frame911.jpg,-0.5
./data/frame912.jpg,-0.25
./data/frame913.jpg,-0.25
./data/frame914.jpg,-0.25
./data/frame915.jpg,-0.25
./data/frame916.jpg,-0.5
./data/frame917.jpg,-0.5
./data/frame918.jpg,-0.25
./data/frame919.jpg,-0.25
./data/frame920.jpg,0.0
./data/frame921.jpg,0.25
./data/frame922.jpg,0.5
./data/frame923.jpg,0.0
./data/frame924.jpg,-0.25
./data/frame925.jpg,-0.25
./data/frame926.jpg,-0.25
./data/frame927.jpg,-0.75
./data/frame928.jpg,-0.75
./data/frame929.jpg,-1
./data/frame930.jpg,-0.75
./data/frame931.jpg,-1
./data/frame932.jpg,-1
./data/frame933.jpg,-0.75
./data/frame934.jpg,-1
./data/frame935.jpg,-1
./data/frame936.jpg,-1
./data/frame937.jpg,-1
./data/frame938.jpg,-0.75
./data/frame939.jpg,-0.25
./data/frame940.jpg,-0.25
./data/frame941.jpg,-0.5
./data/frame942.jpg,-1
./data/frame943.jpg,-0.75
./data/frame944.jpg,-0.25
./data/frame945.jpg,-0.25
./data/frame946.jpg,-0.75
./data/frame947.jpg,-0.75
./data/frame948.jpg,-0.75
./data/frame949.jpg,-1
./data/frame950.jpg,-0.5
./data/frame951.jpg,-0.75
./data/frame952.jpg,-0.25
./data/frame953.jpg,-0.25
./data/frame954.jpg,-0.5
./data/frame955.jpg,-0.5
./data/frame956.jpg,-0.5
./data/frame957.jpg,-0.75
./data/frame958.jpg,-0.25
./data/frame959.jpg,-0.25
./data/frame960.jpg,-0.25
./data/frame961.jpg,-0.25
./data/frame962.jpg,-0.25
./data/frame963.jpg,-0.25
./data/frame964.jpg,-0.25
./data/frame965.jpg,0.0
./data/frame966.jpg,0.25
./data/frame967.jpg,0.25
./data/frame968.jpg,1
./data/frame969.jpg,0.75
./data/frame970.jpg,1
./data/frame971.jpg,0.5
./data/frame972.jpg,1
./data/frame973.jpg,1
./data/frame974.jpg,1
./data/frame975.jpg,1
./data/frame976.jpg,1
./data/frame977.jpg,0.5
./data/frame978.jpg,0.5
./data/frame979.jpg,0.5
./data/frame980.jpg,1
./data/frame981.jpg,0.5
./data/frame982.jpg,0.75
./data/frame983.jpg,0.25
./data/frame984.jpg,-0.25
./data/frame985.jpg,0.75
./data/frame986.jpg,0.75
./data/frame987.jpg,0.0
./data/frame988.jpg,0.25
./data/frame989.jpg,0.25
./data/frame990.jpg,1
./data/frame991.jpg,-1
./data/frame992.jpg,-0.5
./data/frame993.jpg,-1
./data/frame994.jpg,-0.25
./data/frame995.jpg,0.0
./data/frame996.jpg,0.0
./data/frame997.jpg,0.0
./data/frame998.jpg,-0.25
./data/frame999.jpg,0.25
./data/frame1000.jpg,0.25
./data/frame1001.jpg,0.25
./data/frame1002.jpg,0.25
./data/frame1003.jpg,0.25
./data/frame1004.jpg,0.25
./data/frame1005.jpg,0.25
./data/frame1006.jpg,0.25
./data/frame1007.jpg,0.25
./data/frame1008.jpg,0.25
./data/frame1009.jpg,0.25
./data/frame1010.jpg,0.25
./data/frame1011.jpg,0.25
./data/frame1012.jpg,0.25
./data/frame1013.jpg,0.25
./data/frame1014.jpg,0.25
./data/frame1015.jpg,0.25
./data/frame1016.jpg,0.25
./data/frame1017.jpg,0.5
./data/frame1018.jpg,0.5
./data/frame1019.jpg,0.75
./data/frame1020.jpg,1
./data/frame1021.jpg,1
./data/frame1022.jpg,1
./data/frame1023.jpg,1
./data/frame1024.jpg,1
./data/frame1025.jpg,1
./data/frame1026.jpg,1
./data/frame1027.jpg,1
./data/frame1028.jpg,1
./data/frame1029.jpg,1
./data/frame1030.jpg,1
./data/frame1031.jpg,1
./data/frame1032.jpg,1
./data/frame1033.jpg,1
./data/frame1034.jpg,1
./data/frame1035.jpg,1
./data/frame1036.jpg,1
./data/frame1037.jpg,1
./data/frame1038.jpg,1
./data/frame1039.jpg,1
./data/frame1040.jpg,1
./data/frame1041.jpg,1
./data/frame1042.jpg,1
./data/frame1043.jpg,1
./data/frame1044.jpg,1
./data/frame1045.jpg,1
./data/frame1046.jpg,1
./data/frame1047.jpg,1
./data/frame1048.jpg,1
./data/frame1049.jpg,1
./data/frame1050.jpg,1
./data/frame1051.jpg,1
./data/frame1052.jpg,1
./data/frame1053.jpg,1
./data/frame1054.jpg,1
./data/frame1055.jpg,1
./data/frame1056.jpg,1
./data/frame1057.jpg,1
./data/frame1058.jpg,1
./data/frame1059.jpg,1
./data/frame1060.jpg,1
./data/frame1061.jpg,1
./data/frame1062.jpg,1
./data/frame1063.jpg,1
./data/frame1064.jpg,1
./data/frame1065.jpg,1
./data/frame1066.jpg,1
./data/frame1067.jpg,1
./data/frame1068.jpg,1
./data/frame1069.jpg,1
./data/frame1070.jpg,1
./data/frame1071.jpg,1
./data/frame1072.jpg,1
./data/frame1073.jpg,1
./data/frame1074.jpg,1
./data/frame1075.jpg,1
./data/frame1076.jpg,1
./data/frame1077.jpg,1
./data/frame1078.jpg,1
./data/frame1079.jpg,1
./data/frame1080.jpg,1
./data/frame1081.jpg,1
./data/frame1082.jpg,1
./data/frame1083.jpg,1
./data/frame1084.jpg,1
./data/frame1085.jpg,1
./data/frame1086.jpg,1
./data/frame1087.jpg,1
./data/frame1088.jpg,1
./data/frame1089.jpg,1
./data/frame1090.jpg,1
./data/frame1091.jpg,1
./data/frame1092.jpg,1
./data/frame1093.jpg,1
./data/frame1094.jpg,1
./data/frame1095.jpg,1
./data/frame1096.jpg,1
./data/frame1097.jpg,1
./data/frame1098.jpg,1
./data/frame1099.jpg,1
./data/frame1100.jpg,1
./data/frame1101.jpg,1
./data/frame1102.jpg,1
./data/frame1103.jpg,1
./data/frame1104.jpg,1
./data/frame1105.jpg,1
./data/frame1106.jpg,1
./data/frame1107.jpg,1
./data/frame1109.jpg,0.75
./data/frame1110.jpg,-0.25
./data/frame1111.jpg,-0.25
./data/frame1112.jpg,-0.25
./data/frame1113.jpg,-0.25
./data/frame1114.jpg,0.0
./data/frame1115.jpg,-0.75
./data/frame1116.jpg,0.0
./data/frame1117.jpg,-0.25
./data/frame1118.jpg,-0.75
./data/frame1119.jpg,-0.5
./data/frame1120.jpg,-0.75
./data/frame1121.jpg,-0.5
./data/frame1122.jpg,-0.25
./data/frame1123.jpg,0.25
./data/frame1124.jpg,0.25
./data/frame1125.jpg,0.0
./data/frame1126.jpg,0.25
./data/frame1127.jpg,0.25
./data/frame1128.jpg,0.0
./data/frame1129.jpg,0.25
./data/frame1130.jpg,0.0
./data/frame1131.jpg,0.25
./data/frame1132.jpg,0.25
./data/frame1133.jpg,0.25
./data/frame1134.jpg,-0.5
./data/frame1135.jpg,-0.5
./data/frame1136.jpg,-0.5
./data/frame1137.jpg,-0.5
./data/frame1138.jpg,-1
./data/frame1139.jpg,-1
./data/frame1140.jpg,-1
./data/frame1141.jpg,-1
./data/frame1142.jpg,-1
./data/frame1143.jpg,-1
./data/frame1144.jpg,-1
./data/frame1145.jpg,-1
./data/frame1146.jpg,-1
./data/frame1147.jpg,-1
./data/frame1148.jpg,-0.75
./data/frame1149.jpg,-0.75
./data/frame1150.jpg,-0.75
./data/frame1151.jpg,-0.5
./data/frame1152.jpg,-1
./data/frame1153.jpg,-1
./data/frame1154.jpg,-1
./data/frame1155.jpg,-1
./data/frame1156.jpg,-1
./data/frame1157.jpg,-1
./data/frame1158.jpg,-1
./data/frame1159.jpg,-1
./data/frame1160.jpg,-0.75
./data/frame1161.jpg,-1
./data/frame1162.jpg,-1
./data/frame1163.jpg,-1
./data/frame1164.jpg,-1
./data/frame1165.jpg,-0.75
./data/frame1166.jpg,-0.5
./data/frame1167.jpg,-0.75
./data/frame1168.jpg,-0.5
./data/frame1169.jpg,-0.5
./data/frame1170.jpg,-0.5
./data/frame1171.jpg,-0.75
./data/frame1172.jpg,-0.75
./data/frame1173.jpg,-0.25
./data/frame1174.jpg,-1
./data/frame1175.jpg,-1
./data/frame1176.jpg,-1
./data/frame1177.jpg,-0.75
./data/frame1178.jpg,-0.75
./data/frame1179.jpg,-0.5
./data/frame1180.jpg,-0.75
./data/frame1181.jpg,-0.75
./data/frame1182.jpg,-0.5
./data/frame1183.jpg,-0.5
./data/frame1184.jpg,-1
./data/frame1185.jpg,-1
./data/frame1186.jpg,0.0
./data/frame1187.jpg,-1
./data/frame1188.jpg,-0.75
./data/frame1189.jpg,-0.75
./data/frame1190.jpg,-1
./data/frame1191.jpg,-1
./data/frame1192.jpg,-1
./data/frame1193.jpg,-1
./data/frame1194.jpg,-1
./data/frame1195.jpg,-1
./data/frame1196.jpg,-1
./data/frame1197.jpg,-1
./data/frame1198.jpg,-1
./data/frame1199.jpg,-1
./data/frame1200.jpg,-1
./data/frame1201.jpg,-1
./data/frame1202.jpg,-0.5
./data/frame1203.jpg,-1
./data/frame1204.jpg,-1
./data/frame1205.jpg,-0.75
./data/frame1206.jpg,-0.75
./data/frame1207.jpg,-0.75
./data/frame1208.jpg,-1
./data/frame1209.jpg,-0.75
./data/frame1210.jpg,-1
./data/frame1211.jpg,0.5
./data/frame1212.jpg,0.25
./data/frame1213.jpg,-0.75
./data/frame1214.jpg,0.75
./data/frame1215.jpg,1
./data/frame1216.jpg,1
./data/frame1217.jpg,1
./data/frame1218.jpg,0.5
./data/frame1219.jpg,1
./data/frame1220.jpg,1
./data/frame1221.jpg,0.5
./data/frame1222.jpg,1
./data/frame1223.jpg,1
./data/frame1224.jpg,1
./data/frame1225.jpg,1
./data/frame1226.jpg,1
./data/frame1227.jpg,1
./data/frame1228.jpg,1
./data/frame1229.jpg,1
./data/frame1230.jpg,1
./data/frame1231.jpg,1
./data/frame1232.jpg,0.5
./data/frame1233.jpg,1
./data/frame1234.jpg,0.75
./data/frame1235.jpg,1
./data/frame1236.jpg,1
./data/frame1237.jpg,1
./data/frame1238.jpg,1
./data/frame1239.jpg,0.75
./data/frame1240.jpg,0.75
./data/frame1241.jpg,1
./data/frame1242.jpg,1
./data/frame1243.jpg,0.25
./data/frame1244.jpg,0.25
./data/frame1245.jpg,0.25
./data/frame1246.jpg,0.25
./data/frame1247.jpg,0.75
./data/frame1248.jpg,0.5
./data/frame1249.jpg,0.5
./data/frame1250.jpg,0.0
./data/frame1251.jpg,1
./data/frame1252.jpg,1
./data/frame1253.jpg,0.75
./data/frame1254.jpg,0.75
./data/frame1255.jpg,0.75
./data/frame1256.jpg,0.75
./data/frame1257.jpg,0.25
./data/frame1258.jpg,0.25
./data/frame1259.jpg,0.0
./data/frame1260.jpg,0.0
./data/frame1261.jpg,0.5
./data/frame1262.jpg,0.5
./data/frame1263.jpg,-0.25
./data/frame1264.jpg,0.25
./data/frame1265.jpg,0.25
./data/frame1266.jpg,-0.25
./data/frame1267.jpg,0.25
./data/frame1268.jpg,0.25
./data/frame1269.jpg,0.75
./data/frame1270.jpg,1
./data/frame1271.jpg,1
./data/frame1272.jpg,0.5
./data/frame1273.jpg,0.5
./data/frame1274.jpg,1
./data/frame1275.jpg,1
./data/frame1276.jpg,1
./data/frame1277.jpg,0.25
./data/frame1278.jpg,1
./data/frame1279.jpg,1
./data/frame1280.jpg,1
./data/frame1281.jpg,0.75
./data/frame1282.jpg,1
./data/frame1283.jpg,1
./data/frame1284.jpg,1
./data/frame1285.jpg,-0.25
./data/frame1286.jpg,0.25
./data/frame1287.jpg,-0.5
./data/frame1288.jpg,-0.5
./data/frame1289.jpg,-0.5
./data/frame1290.jpg,-0.5
./data/frame1291.jpg,-0.5
./data/frame1292.jpg,-0.5
./data/frame1293.jpg,-0.5
./data/frame1294.jpg,-0.5
./data/frame1295.jpg,-0.5
./data/frame1296.jpg,-0.5
./data/frame1297.jpg,-0.5
./data/frame1298.jpg,-0.5
./data/frame1299.jpg,-0.5
./data/frame1300.jpg,-0.5
./data/frame1301.jpg,-0.5
./data/frame1302.jpg,-0.5
./data/frame1303.jpg,-0.5
./data/frame1304.jpg,-0.5
./data/frame1305.jpg,-0.5
./data/frame1306.jpg,-0.5
./data/frame1307.jpg,-0.25
./data/frame1308.jpg,-0.25
./data/frame1309.jpg,0.0
./data/frame1310.jpg,0.25
./data/frame1311.jpg,0.25
./data/frame1312.jpg,0.5
./data/frame1313.jpg,0.5
./data/frame1314.jpg,0.5
./data/frame1315.jpg,0.5
./data/frame1316.jpg,0.5
./data/frame1317.jpg,0.5
./data/frame1318.jpg,0.5
./data/frame1319.jpg,0.5
./data/frame1320.jpg,0.5
./data/frame1321.jpg,0.5
./data/frame1322.jpg,0.5
./data/frame1323.jpg,0.5
./data/frame1324.jpg,0.5
./data/frame1325.jpg,0.5
./data/frame1326.jpg,0.5
./data/frame1327.jpg,0.5
./data/frame1328.jpg,0.5
./data/frame1329.jpg,0.5
./data/frame1330.jpg,0.75
./data/frame1331.jpg,0.75
./data/frame1332.jpg,1
./data/frame1333.jpg,1
./data/frame1334.jpg,1
./data/frame1335.jpg,1
./data/frame1336.jpg,1
./data/frame1337.jpg,1
./data/frame1338.jpg,1
./data/frame1339.jpg,1
./data/frame1340.jpg,1
./data/frame1341.jpg,1
./data/frame1342.jpg,1
./data/frame1343.jpg,1
./data/frame1344.jpg,1
./data/frame1345.jpg,1
./data/frame1346.jpg,1
./data/frame1347.jpg,1
./data/frame1348.jpg,1
./data/frame1349.jpg,1
./data/frame1350.jpg,1
./data/frame1351.jpg,1
./data/frame1352.jpg,1
./data/frame1353.jpg,1
./data/frame1354.jpg,1
./data/frame1355.jpg,1
./data/frame1356.jpg,1
./data/frame1357.jpg,1
./data/frame1358.jpg,1
./data/frame1359.jpg,1
./data/frame1360.jpg,1
./data/frame1361.jpg,1
./data/frame1362.jpg,1
./data/frame1363.jpg,1
./data/frame1364.jpg,1
./data/frame1365.jpg,1
./data/frame1366.jpg,1
./data/frame1367.jpg,1
./data/frame1368.jpg,1
./data/frame1369.jpg,1
./data/frame1370.jpg,1
./data/frame1371.jpg,1
./data/frame1372.jpg,1
./data/frame1373.jpg,1
./data/frame1374.jpg,1
./data/frame1375.jpg,1
./data/frame1376.jpg,1
./data/frame1378.jpg,1
./data/frame1379.jpg,1
./data/frame1380.jpg,0.75
./data/frame1381.jpg,0.5
./data/frame1382.jpg,0.75
./data/frame1383.jpg,0.75
./data/frame1384.jpg,0.75
./data/frame1385.jpg,0.5
./data/frame1386.jpg,0.0
./data/frame1387.jpg,0.0
./data/frame1388.jpg,-0.25
./data/frame1389.jpg,0.25
./data/frame1390.jpg,0.0
./data/frame1391.jpg,0.0
./data/frame1392.jpg,-0.5
./data/frame1393.jpg,-0.75
./data/frame1394.jpg,-0.5
./data/frame1395.jpg,-0.5
./data/frame1396.jpg,0.25
./data/frame1397.jpg,0.0
./data/frame1398.jpg,-1
./data/frame1399.jpg,0.25
./data/frame1400.jpg,-0.75
./data/frame1401.jpg,-0.75
./data/frame1402.jpg,-0.75
./data/frame1403.jpg,-0.5
./data/frame1404.jpg,-1
./data/frame1405.jpg,-0.25
./data/frame1406.jpg,-0.25
./data/frame1407.jpg,0.5
./data/frame1408.jpg,-0.25
./data/frame1409.jpg,0.25
./data/frame1410.jpg,-1
./data/frame1411.jpg,-0.5
./data/frame1412.jpg,0.5
./data/frame1413.jpg,-1
./data/frame1414.jpg,-0.25
./data/frame1415.jpg,-1
./data/frame1416.jpg,-1
./data/frame1417.jpg,0.0
./data/frame1418.jpg,0.25
./data/frame1419.jpg,-1
./data/frame1420.jpg,-1
./data/frame1421.jpg,-0.75
./data/frame1422.jpg,-0.5
./data/frame1423.jpg,-1
./data/frame1424.jpg,-1
./data/frame1425.jpg,-1
./data/frame1426.jpg,-0.5
./data/frame1427.jpg,-0.5
./data/frame1428.jpg,-1
./data/frame1429.jpg,-0.75
./data/frame1430.jpg,-0.75
./data/frame1431.jpg,0.25
./data/frame1432.jpg,-0.25
./data/frame1433.jpg,-0.5
./data/frame1434.jpg,0.5
./data/frame1435.jpg,0.25
./data/frame1436.jpg,0.25
./data/frame1437.jpg,1
./data/frame1438.jpg,0.75
./data/frame1439.jpg,0.0
./data/frame1440.jpg,0.5
./data/frame1441.jpg,0.75
./data/frame1442.jpg,1
./data/frame1443.jpg,1
./data/frame1444.jpg,0.25
./data/frame1445.jpg,1
./data/frame1446.jpg,1
./data/frame1447.jpg,0.25
./data/frame1448.jpg,0.5
./data/frame1449.jpg,0.5
./data/frame1450.jpg,0.5
./data/frame1451.jpg,0.5
./data/frame1452.jpg,0.5
./data/frame1453.jpg,1
./data/frame1454.jpg,1
./data/frame1455.jpg,1
./data/frame1456.jpg,0.75
./data/frame1457.jpg,0.75
./data/frame1458.jpg,0.75
./data/frame1459.jpg,1
./data/frame1460.jpg,0.75
./data/frame1461.jpg,1
./data/frame1462.jpg,1
./data/frame1463.jpg,0.25
./data/frame1464.jpg,0.5
./data/frame1465.jpg,0.5
./data/frame1466.jpg,0.25
./data/frame1467.jpg,0.25
./data/frame1468.jpg,-0.75
./data/frame1469.jpg,-0.5
./data/frame1470.jpg,-1
./data/frame1471.jpg,-1
./data/frame1472.jpg,-1
./data/frame1473.jpg,-1
./data/frame1474.jpg,-0.25
./data/frame1475.jpg,-1
./data/frame1476.jpg,-1
./data/frame1477.jpg,-1
./data/frame1478.jpg,-1
./data/frame1479.jpg,-0.25
./data/frame1480.jpg,-1
./data/frame1481.jpg,-0.5
./data/frame1482.jpg,0.25
./data/frame1483.jpg,-0.25
./data/frame1484.jpg,-0.75
./data/frame1485.jpg,-0.25
./data/frame1486.jpg,0.75
./data/frame1487.jpg,0.25
./data/frame1488.jpg,0.25
./data/frame1489.jpg,0.5
./data/frame1490.jpg,1
./data/frame1491.jpg,1
./data/frame1492.jpg,1
./data/frame1493.jpg,1
./data/frame1494.jpg,1
./data/frame1495.jpg,0.0
./data/frame1496.jpg,1
./data/frame1497.jpg,1
./data/frame1498.jpg,1
./data/frame1499.jpg,0.25
./data/frame1500.jpg,1
./data/frame1501.jpg,1
./data/frame1502.jpg,0.5
./data/frame1503.jpg,0.75
./data/frame1504.jpg,0.75
./data/frame1505.jpg,1
./data/frame1506.jpg,-0.5
./data/frame1507.jpg,-0.5
./data/frame1508.jpg,-0.5
./data/frame1509.jpg,0.25
./data/frame1510.jpg,0.25
./data/frame1511.jpg,-1
./data/frame1512.jpg,0.25
./data/frame1513.jpg,0.5
./data/frame1514.jpg,-0.75
./data/frame1515.jpg,-0.75
./data/frame1516.jpg,0.5
./data/frame1517.jpg,1
./data/frame1518.jpg,-1
./data/frame1519.jpg,0.0
./data/frame1520.jpg,1
./data/frame1521.jpg,1
./data/frame1522.jpg,1
./data/frame1523.jpg,0.25
./data/frame1524.jpg,1
./data/frame1525.jpg,0.25
./data/frame1526.jpg,0.25
./data/frame1527.jpg,0.25
./data/frame1528.jpg,0.0
./data/frame1529.jpg,0.0
./data/frame1530.jpg,0.25
./data/frame1531.jpg,-0.5
./data/frame1532.jpg,-1
./data/frame1533.jpg,-1
./data/frame1534.jpg,-1
./data/frame1535.jpg,-1
./data/frame1536.jpg,-0.75
./data/frame1537.jpg,-1
./data/frame1538.jpg,-0.5
./data/frame1539.jpg,-0.75
./data/frame1540.jpg,-1
./data/frame1541.jpg,-1
./data/frame1542.jpg,0.0
./data/frame1543.jpg,-1
./data/frame1544.jpg,-0.25
./data/frame1545.jpg,0.25
./data/frame1546.jpg,-1
./data/frame1547.jpg,0.75
./data/frame1548.jpg,-0.75
./data/frame1549.jpg,-0.75
./data/frame1550.jpg,-0.75
./data/frame1551.jpg,-1
./data/frame1552.jpg,-1
./data/frame1553.jpg,0.5
./data/frame1554.jpg,-0.25
./data/frame1555.jpg,1
./data/frame1556.jpg,1
./data/frame1557.jpg,1
./data/frame1558.jpg,0.0
./data/frame1559.jpg,0.25
./data/frame1560.jpg,0.0
./data/frame1561.jpg,1
./data/frame1562.jpg,-1
./data/frame1563.jpg,-0.5
./data/frame1564.jpg,-1
./data/frame1565.jpg,0.5
./data/frame1566.jpg,1
./data/frame1567.jpg,1
./data/frame1568.jpg,1
./data/frame1569.jpg,1
./data/frame1570.jpg,1
./data/frame1571.jpg,-0.25
./data/frame1572.jpg,-0.25
./data/frame1573.jpg,-1
./data/frame1574.jpg,-1
./data/frame1575.jpg,-0.5
./data/frame1576.jpg,0.0
./data/frame1577.jpg,-1
./data/frame1578.jpg,-1
./data/frame1579.jpg,0.25
./data/frame1580.jpg,-1
./data/frame1581.jpg,-0.75
./data/frame1582.jpg,-0.75
./data/frame1583.jpg,-1
./data/frame1584.jpg,-1
./data/frame1585.jpg,-0.5
./data/frame1586.jpg,0.75
./data/frame1587.jpg,1
./data/frame1588.jpg,0.5
./data/frame1589.jpg,0.5
./data/frame1590.jpg,0.5
./data/frame1591.jpg,0.5
./data/frame1592.jpg,0.5
./data/frame1593.jpg,0.5
./data/frame1594.jpg,0.5
./data/frame1595.jpg,0.5
./data/frame1596.jpg,0.5
./data/frame1597.jpg,0.5
./data/frame1598.jpg,0.5
./data/frame1599.jpg,0.5
./data/frame1600.jpg,0.5
./data/frame1601.jpg,0.5
./data/frame1602.jpg,0.5
./data/frame1603.jpg,0.5
./data/frame1604.jpg,0.5
./data/frame1605.jpg,0.5
./data/frame1606.jpg,0.5
./data/frame1607.jpg,0.5
./data/frame1608.jpg,0.5
./data/frame1609.jpg,0.5
./data/frame1610.jpg,0.5
./data/frame1611.jpg,0.5
./data/frame1612.jpg,0.5
./data/frame1613.jpg,0.5
./data/frame1614.jpg,0.5
./data/frame1615.jpg,0.5
./data/frame1616.jpg,0.5
./data/frame1617.jpg,0.5
./data/frame1618.jpg,0.5
./data/frame1619.jpg,0.5
./data/frame1620.jpg,0.5
./data/frame1621.jpg,0.5
./data/frame1622.jpg,0.5
./data/frame1623.jpg,0.5
./data/frame1624.jpg,0.5
./data/frame1625.jpg,0.5
./data/frame1626.jpg,0.5
./data/frame1627.jpg,0.5
./data/frame1628.jpg,0.5
./data/frame1629.jpg,0.5
